{"cameraMode":{"drawMode":0,"name":"Shaded","section":"Shading Mode"},"sceneLighting":true,"audioPlay":false,"sceneViewState":{"showFog":true,"showMaterialUpdate":false,"showSkybox":true,"showFlares":true,"showImageEffects":true,"showParticleSystems":true},"in2DMode":false,"pivot":{"x":-0.7036171555519104,"y":2.7304701805114748,"z":-0.5842839479446411},"rotation":{"x":-0.049789540469646457,"y":0.014680983498692513,"z":-0.0007814138662070036,"w":-0.9987465143203735},"size":0.9040049910545349,"orthographic":false}