{"cameraMode":{"drawMode":0,"name":"Shaded","section":"Shading Mode"},"sceneLighting":false,"audioPlay":false,"sceneViewState":{"showFog":true,"showMaterialUpdate":false,"showSkybox":false,"showFlares":true,"showImageEffects":true,"showParticleSystems":true},"in2DMode":false,"pivot":{"x":0.041695013642311099,"y":-0.0058470796793699268,"z":-0.01700887829065323},"rotation":{"x":-0.5822311639785767,"y":-0.11503161489963532,"z":0.08378665894269943,"w":-0.8005672693252564},"size":10.0,"orthographic":false}