{"cameraMode":{"drawMode":0,"name":"Shaded","section":"Shading Mode"},"sceneLighting":true,"audioPlay":false,"sceneViewState":{"showFog":true,"showMaterialUpdate":false,"showSkybox":true,"showFlares":true,"showImageEffects":true,"showParticleSystems":true},"in2DMode":false,"pivot":{"x":-0.37388551235198977,"y":1.9644532203674317,"z":1.244083285331726},"rotation":{"x":-0.003309690160676837,"y":-0.04378976672887802,"z":0.00011023771367035806,"w":-0.999127984046936},"size":0.8139410018920898,"orthographic":false}