{"cameraMode":{"drawMode":0,"name":"Shaded","section":"Shading Mode"},"sceneLighting":true,"audioPlay":false,"sceneViewState":{"showFog":true,"showMaterialUpdate":false,"showSkybox":true,"showFlares":true,"showImageEffects":true,"showParticleSystems":true},"in2DMode":false,"pivot":{"x":2.101828098297119,"y":0.6871217489242554,"z":-3.875673294067383},"rotation":{"x":-0.06814582645893097,"y":0.8844367861747742,"z":-0.13666746020317079,"w":-0.44104140996932986},"size":1.7000031471252442,"orthographic":false}