{"cameraMode":{"drawMode":0,"name":"Shaded","section":"Shading Mode"},"sceneLighting":true,"audioPlay":false,"sceneViewState":{"showFog":true,"showMaterialUpdate":false,"showSkybox":true,"showFlares":true,"showImageEffects":true,"showParticleSystems":true},"in2DMode":false,"pivot":{"x":0.11981207132339478,"y":1.8012303113937379,"z":1.6320480108261109},"rotation":{"x":-0.010743675753474236,"y":0.10898669809103012,"z":-0.0012125832727178932,"w":-0.9940774440765381},"size":3.8000028133392336,"orthographic":false}