{"cameraMode":{"drawMode":0,"name":"Shaded","section":"Shading Mode"},"sceneLighting":true,"audioPlay":false,"sceneViewState":{"showFog":true,"showMaterialUpdate":false,"showSkybox":true,"showFlares":true,"showImageEffects":true,"showParticleSystems":true},"in2DMode":false,"pivot":{"x":3.9571709632873537,"y":0.05446944013237953,"z":4.264267444610596},"rotation":{"x":-0.11996626108884812,"y":0.03245554491877556,"z":-0.003970283083617687,"w":-0.9923311471939087},"size":3.8000028133392336,"orthographic":false}